<?xml version="1.0" encoding="UTF-8"?>
<configuration>
    <include resource="log/platform-core-logback-defaults.xml"/>

    <logger name="org.springframework.web" level="INFO"/>
    <logger name="org.springframework" level="INFO"/>
    <logger name="org.apache.juli.logging.DirectJDKLog" level="INFO"/>
    <logger name="com.netflix.loadbalancer" level="INFO"/>
    <logger name="com.safeway" level="DEBUG"/>
    <logger name="com.albertsons" level="DEBUG"/>
    <logger name="io.netty" level="INFO"/>
    <logger name="com.okta" level="WARN"/>
</configuration>