{
  "renderTemplateList": [
    {
      "deviceName": "web",
      "xapiType": "offerdetails-xapi",
      "xapiReturnType": "OfferDescriptionXapiResponse",
      "renderFormat": "OfferDescriptionXapiResponse(offerId,offerPgm,imageId,usageType,status,deleted,offerEndDate,offerDetail(name,description,offerPrice,details),primaryStoreInfo(storeId,bannerNm,address))"
    },
    {
      "deviceName": "native-mobile",
      "xapiType": "offerdetails-xapi",
      "xapiReturnType": "OfferDescriptionXapiResponse",
      "renderFormat": "OfferDescriptionXapiResponse(offerId,offerPgm,imageId,usageType,status,offerEndDate,offerDetail(name,description,offerPrice,details),primaryStoreInfo(storeId,bannerNm,address))"
    }
  ]
}